[{"model": "auth.permission", "pk": 1, "fields": {"name": "Can add log entry", "content_type": 1, "codename": "add_logentry"}}, {"model": "auth.permission", "pk": 2, "fields": {"name": "Can change log entry", "content_type": 1, "codename": "change_logentry"}}, {"model": "auth.permission", "pk": 3, "fields": {"name": "Can delete log entry", "content_type": 1, "codename": "delete_logentry"}}, {"model": "auth.permission", "pk": 4, "fields": {"name": "Can view log entry", "content_type": 1, "codename": "view_logentry"}}, {"model": "auth.permission", "pk": 5, "fields": {"name": "Can add permission", "content_type": 2, "codename": "add_permission"}}, {"model": "auth.permission", "pk": 6, "fields": {"name": "Can change permission", "content_type": 2, "codename": "change_permission"}}, {"model": "auth.permission", "pk": 7, "fields": {"name": "Can delete permission", "content_type": 2, "codename": "delete_permission"}}, {"model": "auth.permission", "pk": 8, "fields": {"name": "Can view permission", "content_type": 2, "codename": "view_permission"}}, {"model": "auth.permission", "pk": 9, "fields": {"name": "Can add group", "content_type": 3, "codename": "add_group"}}, {"model": "auth.permission", "pk": 10, "fields": {"name": "Can change group", "content_type": 3, "codename": "change_group"}}, {"model": "auth.permission", "pk": 11, "fields": {"name": "Can delete group", "content_type": 3, "codename": "delete_group"}}, {"model": "auth.permission", "pk": 12, "fields": {"name": "Can view group", "content_type": 3, "codename": "view_group"}}, {"model": "auth.permission", "pk": 13, "fields": {"name": "Can add user", "content_type": 4, "codename": "add_user"}}, {"model": "auth.permission", "pk": 14, "fields": {"name": "Can change user", "content_type": 4, "codename": "change_user"}}, {"model": "auth.permission", "pk": 15, "fields": {"name": "Can delete user", "content_type": 4, "codename": "delete_user"}}, {"model": "auth.permission", "pk": 16, "fields": {"name": "Can view user", "content_type": 4, "codename": "view_user"}}, {"model": "auth.permission", "pk": 17, "fields": {"name": "Can add content type", "content_type": 5, "codename": "add_contenttype"}}, {"model": "auth.permission", "pk": 18, "fields": {"name": "Can change content type", "content_type": 5, "codename": "change_contenttype"}}, {"model": "auth.permission", "pk": 19, "fields": {"name": "Can delete content type", "content_type": 5, "codename": "delete_contenttype"}}, {"model": "auth.permission", "pk": 20, "fields": {"name": "Can view content type", "content_type": 5, "codename": "view_contenttype"}}, {"model": "auth.permission", "pk": 21, "fields": {"name": "Can add session", "content_type": 6, "codename": "add_session"}}, {"model": "auth.permission", "pk": 22, "fields": {"name": "Can change session", "content_type": 6, "codename": "change_session"}}, {"model": "auth.permission", "pk": 23, "fields": {"name": "Can delete session", "content_type": 6, "codename": "delete_session"}}, {"model": "auth.permission", "pk": 24, "fields": {"name": "Can view session", "content_type": 6, "codename": "view_session"}}, {"model": "auth.permission", "pk": 25, "fields": {"name": "Can add staff", "content_type": 7, "codename": "add_staff"}}, {"model": "auth.permission", "pk": 26, "fields": {"name": "Can change staff", "content_type": 7, "codename": "change_staff"}}, {"model": "auth.permission", "pk": 27, "fields": {"name": "Can delete staff", "content_type": 7, "codename": "delete_staff"}}, {"model": "auth.permission", "pk": 28, "fields": {"name": "Can view staff", "content_type": 7, "codename": "view_staff"}}, {"model": "auth.permission", "pk": 29, "fields": {"name": "Can add subject entry", "content_type": 8, "codename": "add_subjectentry"}}, {"model": "auth.permission", "pk": 30, "fields": {"name": "Can change subject entry", "content_type": 8, "codename": "change_subjectentry"}}, {"model": "auth.permission", "pk": 31, "fields": {"name": "Can delete subject entry", "content_type": 8, "codename": "delete_subjectentry"}}, {"model": "auth.permission", "pk": 32, "fields": {"name": "Can view subject entry", "content_type": 8, "codename": "view_subjectentry"}}, {"model": "auth.permission", "pk": 33, "fields": {"name": "Can add timetable entry", "content_type": 9, "codename": "add_timetableentry"}}, {"model": "auth.permission", "pk": 34, "fields": {"name": "Can change timetable entry", "content_type": 9, "codename": "change_timetableentry"}}, {"model": "auth.permission", "pk": 35, "fields": {"name": "Can delete timetable entry", "content_type": 9, "codename": "delete_timetableentry"}}, {"model": "auth.permission", "pk": 36, "fields": {"name": "Can view timetable entry", "content_type": 9, "codename": "view_timetableentry"}}, {"model": "auth.permission", "pk": 37, "fields": {"name": "Can add association", "content_type": 10, "codename": "add_association"}}, {"model": "auth.permission", "pk": 38, "fields": {"name": "Can change association", "content_type": 10, "codename": "change_association"}}, {"model": "auth.permission", "pk": 39, "fields": {"name": "Can delete association", "content_type": 10, "codename": "delete_association"}}, {"model": "auth.permission", "pk": 40, "fields": {"name": "Can view association", "content_type": 10, "codename": "view_association"}}, {"model": "auth.permission", "pk": 41, "fields": {"name": "Can add code", "content_type": 11, "codename": "add_code"}}, {"model": "auth.permission", "pk": 42, "fields": {"name": "Can change code", "content_type": 11, "codename": "change_code"}}, {"model": "auth.permission", "pk": 43, "fields": {"name": "Can delete code", "content_type": 11, "codename": "delete_code"}}, {"model": "auth.permission", "pk": 44, "fields": {"name": "Can view code", "content_type": 11, "codename": "view_code"}}, {"model": "auth.permission", "pk": 45, "fields": {"name": "Can add nonce", "content_type": 12, "codename": "add_nonce"}}, {"model": "auth.permission", "pk": 46, "fields": {"name": "Can change nonce", "content_type": 12, "codename": "change_nonce"}}, {"model": "auth.permission", "pk": 47, "fields": {"name": "Can delete nonce", "content_type": 12, "codename": "delete_nonce"}}, {"model": "auth.permission", "pk": 48, "fields": {"name": "Can view nonce", "content_type": 12, "codename": "view_nonce"}}, {"model": "auth.permission", "pk": 49, "fields": {"name": "Can add user social auth", "content_type": 13, "codename": "add_usersocialauth"}}, {"model": "auth.permission", "pk": 50, "fields": {"name": "Can change user social auth", "content_type": 13, "codename": "change_usersocialauth"}}, {"model": "auth.permission", "pk": 51, "fields": {"name": "Can delete user social auth", "content_type": 13, "codename": "delete_usersocialauth"}}, {"model": "auth.permission", "pk": 52, "fields": {"name": "Can view user social auth", "content_type": 13, "codename": "view_usersocialauth"}}, {"model": "auth.permission", "pk": 53, "fields": {"name": "Can add partial", "content_type": 14, "codename": "add_partial"}}, {"model": "auth.permission", "pk": 54, "fields": {"name": "Can change partial", "content_type": 14, "codename": "change_partial"}}, {"model": "auth.permission", "pk": 55, "fields": {"name": "Can delete partial", "content_type": 14, "codename": "delete_partial"}}, {"model": "auth.permission", "pk": 56, "fields": {"name": "Can view partial", "content_type": 14, "codename": "view_partial"}}, {"model": "auth.user", "pk": 1, "fields": {"password": "pbkdf2_sha256$1000000$NnAOSfcRZEaYDECpTGr6zc$VPVplu6LlD0+jtVfBAlJSTA8cP/fU9TwVVlT2CRE3NE=", "last_login": "2025-11-26T17:48:52.822Z", "is_superuser": true, "username": "v", "first_name": "", "last_name": "", "email": "v@gmail.com", "is_staff": true, "is_active": true, "date_joined": "2025-06-17T07:52:52.648Z", "groups": [], "user_permissions": []}}, {"model": "auth.user", "pk": 2, "fields": {"password": "pbkdf2_sha256$600000$fWSiZ4y0Z42L5tBwZ3Ju5i$+WoGcQiLO+2PfayHOslxIx/Osh3rSYqpKC//tTXvrlQ=", "last_login": "2025-06-21T04:23:23.021Z", "is_superuser": true, "username": "v1", "first_name": "", "last_name": "", "email": "v@gmail.com", "is_staff": true, "is_active": true, "date_joined": "2025-06-17T10:12:37.938Z", "groups": [], "user_permissions": []}}, {"model": "auth.user", "pk": 3, "fields": {"password": "pbkdf2_sha256$1000000$paa3PKZwoOjoDl8xl4ER86$2KoMkru13xCpy9fxBpH49xRPkJYy3ovyuXwJTS1V08A=", "last_login": "2025-11-18T17:43:27.992Z", "is_superuser": true, "username": "varun", "first_name": "", "last_name": "", "email": "varun@fisat.ac.in", "is_staff": true, "is_active": true, "date_joined": "2025-11-18T17:43:12.763Z", "groups": [], "user_permissions": []}}, {"model": "contenttypes.contenttype", "pk": 1, "fields": {"app_label": "admin", "model": "logentry"}}, {"model": "contenttypes.contenttype", "pk": 2, "fields": {"app_label": "auth", "model": "permission"}}, {"model": "contenttypes.contenttype", "pk": 3, "fields": {"app_label": "auth", "model": "group"}}, {"model": "contenttypes.contenttype", "pk": 4, "fields": {"app_label": "auth", "model": "user"}}, {"model": "contenttypes.contenttype", "pk": 5, "fields": {"app_label": "contenttypes", "model": "contenttype"}}, {"model": "contenttypes.contenttype", "pk": 6, "fields": {"app_label": "sessions", "model": "session"}}, {"model": "contenttypes.contenttype", "pk": 7, "fields": {"app_label": "fisat", "model": "staff"}}, {"model": "contenttypes.contenttype", "pk": 8, "fields": {"app_label": "fisat", "model": "subjectentry"}}, {"model": "contenttypes.contenttype", "pk": 9, "fields": {"app_label": "fisat", "model": "timetableentry"}}, {"model": "contenttypes.contenttype", "pk": 10, "fields": {"app_label": "social_django", "model": "association"}}, {"model": "contenttypes.contenttype", "pk": 11, "fields": {"app_label": "social_django", "model": "code"}}, {"model": "contenttypes.contenttype", "pk": 12, "fields": {"app_label": "social_django", "model": "nonce"}}, {"model": "contenttypes.contenttype", "pk": 13, "fields": {"app_label": "social_django", "model": "usersocialauth"}}, {"model": "contenttypes.contenttype", "pk": 14, "fields": {"app_label": "social_django", "model": "partial"}}, {"model": "sessions.session", "pk": "0zp8oozv2a2urizjcity3a2qqglay8r0", "fields": {"session_data": ".eJxVjEEOwiAQRe_C2hAGRRiX7j0DmTKDVA0kpV0Z726bdKHb997_bxVpmUtcukxxZHVRoA6_bKD0lLoJflC9N51anadx0Fuid9v1rbG8rnv7d1Col3WdJGBGyUiWQghssl0BHI1zXpAyGsPobAJvEM8cAnl2eEICBs8J1OcL55c3ow:1vLzKg:dCIkkj-ktQD-geGRNRm0OHo4ytFBDITubblMGarEE6A", "expire_date": "2025-12-04T07:43:58.514Z"}}, {"model": "sessions.session", "pk": "42j24k50esf2lex6soykg7i6dx84ywq7", "fields": {"session_data": ".eJydU01v4jAU_CuWzwj5I7ETbg6NREpiVoHtKlpVyPmg0CIiFTih_PclKYdtpwfU6_i9eTPvjS907c6n7fp8bN7Xu5pOKKej_7HSVW_NoX-oX93hpR1X7eH0vivHfcn49nocZ23d7KNb7SeCrTtur93a11XNhAwbLkW5EXXtwjJolNJO1l5TSyk2rGJcNCrcCO55PmOs9DhXWrFQuiup263dft9W7rRrD3RyoSaLkrQglmSxXVg6-Xuhx3P52lSnwYoMu9FnxGNfEV8C4kEXB0QAAjwe8qiviEKFAehh3fOILvM4Tk2arGa96bkhv8gcDN9jxgfpPtgT0CWAOQDpGpi17KXbOI4Mmc7iPCnMdGbwUCGexQcuUKmhi8OCOfAE6Ba6tN_rvqVrGc9NTqY_Es3hmgIFwdqEBgTN62G1i8yQzKxm8R8MA7D4oIZDDYezBtAlAdHBkFFjHwpDFt8s6x4xAhYqMFGQTK360U8m_22vf8KaJMfh4EnhKPQUDiHIzVNiH0hk0m-Cew-zhItL9bGtNLEJWREUrODcCjYh4UdKr6d9XBTT4keMAsxINDPEbpklj9fckQjngCpEJGiRonvuun81lyqK:1vOJ7K:i9_royBQZH0FIJKiobgO13QpRgG1ofBSJcQ6Ed1MyLI", "expire_date": "2025-12-10T17:15:46.827Z"}}, {"model": "sessions.session", "pk": "5u0w5przx9l9abksgzxogrskrp67hwrl", "fields": {"session_data": ".eJxVjMEOwiAQRP-FsyFsQQoevfsNZNndSNVAUtqT8d9tkx70Mod5b-atEq5LSWuXOU2sLgrU6bfLSE-pO-AH1nvT1OoyT1nvij5o17fG8roe7t9BwV629eC9dZTBhjhEAfIUEZ1zedxCfLBsLINYZAgGfQQhZ7KXIBgtnUf1-QLGvDdw:1vMIWR:31zh_WwWpfzSVb-zYaa8uZbWa34dqSD3eK_PKbVKS20", "expire_date": "2025-12-05T04:13:23.494Z"}}, {"model": "sessions.session", "pk": "7uz3w104h63sw6nvyqdns48ggag2derc", "fields": {"session_data": ".eJxVjMsOwiAQRf-FtSHDoyAu3fcbyMAMUjU0Ke3K-O_apAvd3nPOfYmI21rj1nmJE4mLUOL0uyXMD247oDu22yzz3NZlSnJX5EG7HGfi5_Vw_w4q9vqt_eAzgTaBldGpaCIM6czOeTRkmYzRBTIozS4UrawdACBZpZx3EAyK9wfZqzb5:1vOBgA:fqmceaBXiwbomCclvWJSoUBXvcCUL2fn4sAYB7nEeTQ", "expire_date": "2025-12-10T09:19:14.242Z"}}, {"model": "sessions.session", "pk": "9lze9ucxeshek9qi9wulwktbqtf31jqw", "fields": {"session_data": ".eJxVjMsOwiAQRf-FtSEDHYbi0r3fQIZHpWogKe3K-O_apAvd3nPOfQnP21r81vPi5yTOQovT7xY4PnLdQbpzvTUZW12XOchdkQft8tpSfl4O9--gcC_fOjDwNEbIKpECgsGZgYydsk4ODRtLDiOScqMl4iFkaxEwaWCOHNGJ9wfOETdC:1uSUbj:wFWkEh5pM1Lh_zlrsDXhWVF1Zm3A-KcQPg6DMcRhthA", "expire_date": "2025-07-04T05:48:11.350Z"}}, {"model": "sessions.session", "pk": "a0o0pre7o232dl238f93y6ojuysjbotv", "fields": {"session_data": ".eJxVjDsOwjAQRO_iGlnY8ZeSnjNYu-sNDiBbipMKcXcSKQWUM-_NvEWCdSlp7TynKYuL0OL02yHQk-sO8gPqvUlqdZknlLsiD9rlrWV-XQ_376BAL9s6jMZxtNYa0DE7r8G5GMGGAb0HHgdEpbeoyBvnI7Ea4lkhB8qaXCbx-QLNZze9:1uSTxq:9GFqNUzXBJY38WW58djgLOwwyajNHyg9-kJZfXZkMq0", "expire_date": "2025-07-04T05:06:58.648Z"}}, {"model": "sessions.session", "pk": "abvgunooxkl9zouslw6avat0dgiy5rl4", "fields": {"session_data": ".eJxVjDsOwjAQBe_iGln-xIlNSZ8zWOvdNQ4gR4qTCnF3EikFtDPz3ltE2NYSt8ZLnEhchRaXX5YAn1wPQQ-o91niXNdlSvJI5GmbHGfi1-1s_w4KtLKvXdCOXG-NAuXZErHJytNAuMOck2M0IaBKBjpE0Nlx8nqwPQWbO0_i8wXqKjhn:1vMV03:74RcId6kaXq7UUZlH0d7IMP7GfB2OjntjOxawQGg-pc", "expire_date": "2025-12-05T17:32:47.833Z"}}, {"model": "sessions.session", "pk": "cg7adxvehtexormwhd6y1i4at7u9y84s", "fields": {"session_data": ".eJxVjMsOwiAQRf-FtSHDoyAu3fcbyMAMUjU0Ke3K-O_apAvd3nPOfYmI21rj1nmJE4mLUOL0uyXMD247oDu22yzz3NZlSnJX5EG7HGfi5_Vw_w4q9vqt_eAzgTaBldGpaCIM6czOeTRkmYzRBTIozS4UrawdACBZpZx3EAyK9wfZqzb5:1vO8oU:6_Qie3FNymFFJ4HnsBSUGojwhfS566zeJp4z8N_lBKo", "expire_date": "2025-12-10T06:15:38.511Z"}}, {"model": "sessions.session", "pk": "gp1ezfsszeyp1pt24zsbzaamjgl4ebv2", "fields": {"session_data": ".eJxVjMsOwiAQRf-FtSHDoyAu3fcbyMAMUjU0Ke3K-O_apAvd3nPOfYmI21rj1nmJE4mLUOL0uyXMD247oDu22yzz3NZlSnJX5EG7HGfi5_Vw_w4q9vqt_eAzgTaBldGpaCIM6czOeTRkmYzRBTIozS4UrawdACBZpZx3EAyK9wfZqzb5:1vN1lY:-3CgcRmHJni8SzXzGYN8FAb8RnptWO8BwlK4D-Hi7i0", "expire_date": "2025-12-07T04:32:00.941Z"}}, {"model": "sessions.session", "pk": "h48umszf908re1ylrofcqknezoynljtr", "fields": {"session_data": ".eJxVjEEOwiAQRe_C2hAGRRiX7j0DmTKDVA0kpV0Z726bdKHb997_bxVpmUtcukxxZHVRoA6_bKD0lLoJflC9N51anadx0Fuid9v1rbG8rnv7d1Col3WdJGBGyUiWQghssl0BHI1zXpAyGsPobAJvEM8cAnl2eEICBs8J1OcL55c3ow:1vLzNt:qu-gzAEdc8faU-NOpMkaj5hiKhmQBAdQhJgUhpw8xKA", "expire_date": "2025-12-04T07:47:17.577Z"}}, {"model": "sessions.session", "pk": "h5prkim0w2900gyze7nvv08l2v29ir4a", "fields": {"session_data": ".eJydVE2P2jAU_CuWzwj5I7YTbg4biSxJqALdKqpWyPmgsEVEWuCE-O9NKIeWyWHFdTx-npn3ni907c6n7fp8bD7Xu5pOKKejf7HSVb-bQ39Qf7jDr3ZctYfT564c95Tx_fQ4Ttu62Yd37n8Ftu647W4bZaqaCRk0XIpyI-raBaXfaG2crL2mllJsWMW4aHSwEdzzFGOs9DjXRrNAuq6o263dft9W7rRrD3RyoTYN46QgGUmjbJHRyc8LPZ7Lj6Y63awI7zp6QOQjIhUg-hFRcEtBZT-AOoB4HBBxfR_RZR5FiU3i1aw3NLfkG5k_Z8Y8JR1kGQjFY4DIXnoWRaEl01mUx4WdzuxAE0CT8B8RDpFzUBCAAgUcA0500Ku8z8kymtucTFEiFBIg6CvP-wIEIYINgcqG3aJdpJakdjWLfqBinDaowiF4DsFLQDRGCAPTIf3U2uylsGQxFOhX5AFHYMQoDzg-cAwYN7oX_Gbz71m3W5mN86dmQOF6gQkDaRkQ6AHHuwm0uX2LsxcS2mRokaAzAqZroHvIwZnEn8r_2-EkzmKyIhiXxL8HTA3EBVEoEKN4__TropgWT_0l2BJ9W6dlGr92-0RC9AKhSQwN_HbI-_X6B1_0aAU:1vOJdM:7ZGI09pZmEgBfhn0tGcM5pG0OFviaVhaHEnZkvboH-M", "expire_date": "2025-12-10T17:48:52.825Z"}}, {"model": "sessions.session", "pk": "llvj17n0c3qrtf3he70uvkq2yz3j7q7e", "fields": {"session_data": ".eJxVjEEOwiAQRe_C2hAHEQaX7j0DGZhBqoYmpV0Z726bdKHb_977bxVpmWtcukxxYHVRoA6_W6L8lLYBflC7jzqPbZ6GpDdF77Tr28jyuu7u30GlXtfaIhckSEZI2AuSQ4v-FAwDmJAhGJcCBLcCf5RUbAYfhEUKoLHnrD5f53438A:1uRTVD:MyGAkb1lxHckv6gW8V2aI7MvONNh1_PP6nQxRgPXKac", "expire_date": "2025-07-01T10:25:15.761Z"}}, {"model": "sessions.session", "pk": "nz25lxfkazdsnpbg5f84u30236godppt", "fields": {"session_data": ".eJxVjMsOwiAQRf-FtSHDoyAu3fcbyMAMUjU0Ke3K-O_apAvd3nPOfYmI21rj1nmJE4mLUOL0uyXMD247oDu22yzz3NZlSnJX5EG7HGfi5_Vw_w4q9vqt_eAzgTaBldGpaCIM6czOeTRkmYzRBTIozS4UrawdACBZpZx3EAyK9wfZqzb5:1vNbrE:wmXeDFVGwyJtY90RnsqGQvlUqFUhbjV1333FY-F13KA", "expire_date": "2025-12-08T19:04:16.305Z"}}, {"model": "sessions.session", "pk": "nzz04ymslhd3cur5n32dhi5yet0klxkc", "fields": {"session_data": ".eJxVjMsOwiAQRf-FtSEDHYbi0r3fQIZHpWogKe3K-O_apAvd3nPOfQnP21r81vPi5yTOQovT7xY4PnLdQbpzvTUZW12XOchdkQft8tpSfl4O9--gcC_fOjDwNEbIKpECgsGZgYydsk4ODRtLDiOScqMl4iFkaxEwaWCOHNGJ9wfOETdC:1uSplD:5LF51vM2-nx85g_6decg318SM92KpgeOLw4d5lBKd_M", "expire_date": "2025-07-05T04:23:23.045Z"}}, {"model": "sessions.session", "pk": "qz7jj52h7ezss1g283oqdcdb4mjeuny3", "fields": {"session_data": ".eJxVjMEOwiAQRP-FsyFsQQoevfsNZNndSNVAUtqT8d9tkx70Mod5b-atEq5LSWuXOU2sLgrU6bfLSE-pO-AH1nvT1OoyT1nvij5o17fG8roe7t9BwV629eC9dZTBhjhEAfIUEZ1zedxCfLBsLINYZAgGfQQhZ7KXIBgtnUf1-QLGvDdw:1vMIMf:33sj4XpwfMdmDlVTWOgbrb0nK9TdqfRUzssGBSBJMYo", "expire_date": "2025-12-05T04:03:17.674Z"}}, {"model": "sessions.session", "pk": "s9ftu9str05l289qil8fexo1qkzhg96c", "fields": {"session_data": ".eJxVjMsOwiAQRf-FtSHDoyAu3fcbyMAMUjU0Ke3K-O_apAvd3nPOfYmI21rj1nmJE4mLUOL0uyXMD247oDu22yzz3NZlSnJX5EG7HGfi5_Vw_w4q9vqt_eAzgTaBldGpaCIM6czOeTRkmYzRBTIozS4UrawdACBZpZx3EAyK9wfZqzb5:1vNmlj:UtN8zBGxnoZHcIVHLM17VzkOMfEM-w9dT_vEd0kEKcw", "expire_date": "2025-12-09T06:43:19.997Z"}}, {"model": "sessions.session", "pk": "sxovdbc9x4e15ml27vketaowqqybc03r", "fields": {"session_data": ".eJxVjEEOwiAQAP_C2RBo2ch69O4byMIuUjWQlPZk_Lsh6UGvM5N5q0D7VsLeZQ0Lq4uy6vTLIqWn1CH4QfXedGp1W5eoR6IP2_WtsbyuR_s3KNTL2M7EgB6QZ-NjdNaITZNAtpSY7JSdcWBYxMw2Y_KIHhmSwwxIdEb1-QLewTfb:1vM5PW:hDFrNpW2Jpe49tIcScOp6O8u_uJFP1ze3SUv0eOghJM", "expire_date": "2025-12-04T14:13:22.478Z"}}, {"model": "sessions.session", "pk": "tsj6u363964hl3pw3i6tb08220ki0l7t", "fields": {"session_data": ".eJxVjEEOwiAQRe_C2hA7DJ3i0n3P0AwMSNVAUtqV8e7apAvd_vfef6mJtzVPW4vLNIu6qE6dfjfP4RHLDuTO5VZ1qGVdZq93RR-06bFKfF4P9-8gc8vfOlqggNFyAjYy9BZMQnQuStezscQQkhFEcoSGAZ14Jh6AkzeEZ6_eH-DmN9U:1vLJOT:yC53H3KdccokQNi60aFKAEQFw-7AcBC3AzH8wimB3tw", "expire_date": "2025-12-02T10:57:05.226Z"}}, {"model": "sessions.session", "pk": "wvpvkqw10aapetor30e9ogpjkp2xosh9", "fields": {"session_data": ".eJxVjEsKwjAUAO-StQQT8nlx6d4zhPeJpiopNO2qeHcJdKHbmWF2lXFba956WfIk6qKsOv0yQn6VNoQ8sT1mzXNbl4n0SPRhu77NUt7Xo_0bVOx1bBkpIvhgCJxhALTeR5ZC7JIEH-Du2RlMwkkckUWmc4zkLKGNkNTnC_WEOGc:1uRTbV:POoNYFfmyDhf2ralt-TwpX8jx7ZtKCyaSJgnOy84PaQ", "expire_date": "2025-07-01T10:31:45.265Z"}}, {"model": "sessions.session", "pk": "yljiukl5xfyv7sb107lohetz2cvwau28", "fields": {"session_data": ".eJxVjMsOwiAQRf-FtSHDoyAu3fcbyMAMUjU0Ke3K-O_apAvd3nPOfYmI21rj1nmJE4mLUOL0uyXMD247oDu22yzz3NZlSnJX5EG7HGfi5_Vw_w4q9vqt_eAzgTaBldGpaCIM6czOeTRkmYzRBTIozS4UrawdACBZpZx3EAyK9wfZqzb5:1vNO1b:bLErYbQdwBy3IzGvOznmR8Zaz9_QnmwJKMK5DcTBI8w", "expire_date": "2025-12-08T04:18:03.136Z"}}, {"model": "sessions.session", "pk": "ze402yl0364amb2ela59uh1bh8kduc5s", "fields": {"session_data": ".eJxVjDsOwjAQRO_iGlnY8ZeSnjNYu-sNDiBbipMKcXcSKQWUM-_NvEWCdSlp7TynKYuL0OL02yHQk-sO8gPqvUlqdZknlLsiD9rlrWV-XQ_376BAL9s6jMZxtNYa0DE7r8G5GMGGAb0HHgdEpbeoyBvnI7Ea4lkhB8qaXCbx-QLNZze9:1uSSqX:ZiQ2SumrMBPEvq91iYslyGbdUu8NbIoNRGf7g6ao7BI", "expire_date": "2025-07-04T03:55:21.422Z"}}, {"model": "fisat.subjectentry", "pk": 15, "fields": {"subject_name": "DBMS", "class_name": "S4 CSA", "day": "Th", "LAB": "L7", "allotted_hours": "5,6,7", "period": "2025-dec"}}, {"model": "fisat.subjectentry", "pk": 16, "fields": {"subject_name": "DBMS", "class_name": "S4 CSA", "day": "F", "LAB": "L7", "allotted_hours": "1,2,3", "period": "2025-dec"}}, {"model": "fisat.subjectentry", "pk": 17, "fields": {"subject_name": "DBMS", "class_name": "S4 CSB", "day": "M", "LAB": "L7", "allotted_hours": "5,6,7", "period": "2025-dec"}}, {"model": "fisat.subjectentry", "pk": 18, "fields": {"subject_name": "DBMS", "class_name": "S4 CSB", "day": "W", "LAB": "L7", "allotted_hours": "2,3,4", "period": "2025-dec"}}, {"model": "fisat.subjectentry", "pk": 19, "fields": {"subject_name": "DBMS", "class_name": "S4 CSC", "day": "T", "LAB": "L7", "allotted_hours": "5,6,7", "period": "2025-dec"}}, {"model": "fisat.subjectentry", "pk": 20, "fields": {"subject_name": "DBMS", "class_name": "S4 CSC", "day": "Th", "LAB": "L7", "allotted_hours": "1,2,3", "period": "2025-dec"}}, {"model": "fisat.subjectentry", "pk": 21, "fields": {"subject_name": "DBMS", "class_name": "S4 CSD", "day": "M", "LAB": "L7", "allotted_hours": "2,3,4", "period": "2025-dec"}}, {"model": "fisat.subjectentry", "pk": 22, "fields": {"subject_name": "DBMS", "class_name": "S4 CSD", "day": "W", "LAB": "L7", "allotted_hours": "5,6,7", "period": "2025-dec"}}, {"model": "fisat.subjectentry", "pk": 23, "fields": {"subject_name": "OS", "class_name": "S4 CSA", "day": "Th", "LAB": "L1", "allotted_hours": "5,6,7", "period": "2025-dec"}}, {"model": "fisat.subjectentry", "pk": 24, "fields": {"subject_name": "OS", "class_name": "S4 CSA", "day": "F", "LAB": "L1", "allotted_hours": "1,2,3", "period": "2025-dec"}}, {"model": "fisat.subjectentry", "pk": 25, "fields": {"subject_name": "OS", "class_name": "S4 CSB", "day": "M", "LAB": "L8", "allotted_hours": "5,6,7", "period": "2025-dec"}}, {"model": "fisat.subjectentry", "pk": 26, "fields": {"subject_name": "OS", "class_name": "S4 CSB", "day": "W", "LAB": "L8", "allotted_hours": "2,3,4", "period": "2025-dec"}}, {"model": "fisat.subjectentry", "pk": 27, "fields": {"subject_name": "OS", "class_name": "S4 CSC", "day": "T", "LAB": "L8", "allotted_hours": "5,6,7", "period": "2025-dec"}}, {"model": "fisat.subjectentry", "pk": 28, "fields": {"subject_name": "OS", "class_name": "S4 CSC", "day": "Th", "LAB": "L8", "allotted_hours": "1,2,3", "period": "2025-dec"}}, {"model": "fisat.subjectentry", "pk": 29, "fields": {"subject_name": "OS", "class_name": "S4 CSD", "day": "M", "LAB": "L8", "allotted_hours": "2,3,4", "period": "2025-dec"}}, {"model": "fisat.subjectentry", "pk": 30, "fields": {"subject_name": "OS", "class_name": "S4 CSD", "day": "W", "LAB": "L8", "allotted_hours": "5,6,7", "period": "2025-dec"}}, {"model": "fisat.subjectentry", "pk": 31, "fields": {"subject_name": "CASE", "class_name": "S6 CSD", "day": "T", "LAB": "L8", "allotted_hours": "2,3,4", "period": "2025-dec"}}, {"model": "fisat.subjectentry", "pk": 32, "fields": {"subject_name": "CASE", "class_name": "S6 CSD", "day": "Th", "LAB": "L8", "allotted_hours": "5,6,7", "period": "2025-dec"}}, {"model": "fisat.subjectentry", "pk": 33, "fields": {"subject_name": "NW", "class_name": "S6 CSA", "day": "T", "LAB": "L2", "allotted_hours": "5,6,7", "period": "2025-dec"}}, {"model": "fisat.subjectentry", "pk": 34, "fields": {"subject_name": "NW", "class_name": "S6 CSA", "day": "Th", "LAB": "L2", "allotted_hours": "1,2,3", "period": "2025-dec"}}, {"model": "fisat.subjectentry", "pk": 35, "fields": {"subject_name": "NW", "class_name": "S6 CSB", "day": "T", "LAB": "L1", "allotted_hours": "5,6,7", "period": "2025-dec"}}, {"model": "fisat.subjectentry", "pk": 36, "fields": {"subject_name": "NW", "class_name": "S6 CSB", "day": "Th", "LAB": "L1", "allotted_hours": "1,2,3", "period": "2025-dec"}}, {"model": "fisat.subjectentry", "pk": 37, "fields": {"subject_name": "NW", "class_name": "S6 CSC", "day": "M", "LAB": "L2", "allotted_hours": "5,6,7", "period": "2025-dec"}}, {"model": "fisat.subjectentry", "pk": 38, "fields": {"subject_name": "NW", "class_name": "S6 CSC", "day": "F", "LAB": "L2", "allotted_hours": "1,2,3", "period": "2025-dec"}}, {"model": "fisat.subjectentry", "pk": 39, "fields": {"subject_name": "C LAB", "class_name": "S2 CSA", "day": "M", "LAB": "L1", "allotted_hours": "2,3", "period": "2025-dec"}}, {"model": "fisat.subjectentry", "pk": 40, "fields": {"subject_name": "C LAB", "class_name": "S2 CSA", "day": "W", "LAB": "L1", "allotted_hours": "6,7", "period": "2025-dec"}}, {"model": "fisat.subjectentry", "pk": 41, "fields": {"subject_name": "C LAB", "class_name": "S2 CSB", "day": "M", "LAB": "L1", "allotted_hours": "6,7", "period": "2025-dec"}}, {"model": "fisat.subjectentry", "pk": 42, "fields": {"subject_name": "C LAB", "class_name": "S2 CSB", "day": "W", "LAB": "L1", "allotted_hours": "2,3", "period": "2025-dec"}}, {"model": "fisat.subjectentry", "pk": 43, "fields": {"subject_name": "C LAB", "class_name": "S2 CSC", "day": "T", "LAB": "L2", "allotted_hours": "2,3", "period": "2025-dec"}}, {"model": "fisat.subjectentry", "pk": 44, "fields": {"subject_name": "C LAB", "class_name": "S2 CSC", "day": "Th", "LAB": "L2", "allotted_hours": "6,7", "period": "2025-dec"}}, {"model": "fisat.subjectentry", "pk": 48, "fields": {"subject_name": "C LAB", "class_name": "S2 ECA", "day": "T", "LAB": "L5", "allotted_hours": "6,7", "period": "2025-dec"}}, {"model": "fisat.subjectentry", "pk": 50, "fields": {"subject_name": "C LAB", "class_name": "S2 ECB", "day": "F", "LAB": "L5", "allotted_hours": "2,3", "period": "2025-dec"}}, {"model": "fisat.subjectentry", "pk": 51, "fields": {"subject_name": "C LAB", "class_name": "S2 EI", "day": "T", "LAB": "L7", "allotted_hours": "2,3", "period": "2025-dec"}}, {"model": "fisat.subjectentry", "pk": 52, "fields": {"subject_name": "C LAB", "class_name": "S2 EI", "day": "F", "LAB": "L7", "allotted_hours": "6,7", "period": "2025-dec"}}, {"model": "fisat.subjectentry", "pk": 53, "fields": {"subject_name": "IT", "class_name": "S2 CSA", "day": "T", "LAB": "L3", "allotted_hours": "8,5", "period": "2025-dec"}}, {"model": "fisat.subjectentry", "pk": 54, "fields": {"subject_name": "IT", "class_name": "S2 CSA", "day": "Th", "LAB": "L3", "allotted_hours": "8,5", "period": "2025-dec"}}, {"model": "fisat.subjectentry", "pk": 55, "fields": {"subject_name": "IT", "class_name": "S2 CSB", "day": "T", "LAB": "L3", "allotted_hours": "2,3", "period": "2025-dec"}}, {"model": "fisat.subjectentry", "pk": 57, "fields": {"subject_name": "IT", "class_name": "S2 CSC", "day": "M", "LAB": "L3", "allotted_hours": "8,5", "period": "2025-dec"}}, {"model": "fisat.subjectentry", "pk": 59, "fields": {"subject_name": "IT", "class_name": "S2 CSD", "day": "M", "LAB": "L3", "allotted_hours": "2,3", "period": "2025-dec"}}, {"model": "fisat.subjectentry", "pk": 60, "fields": {"subject_name": "IT", "class_name": "S2 CSD", "day": "W", "LAB": "L3", "allotted_hours": "8,5", "period": "2025-dec"}}, {"model": "fisat.subjectentry", "pk": 61, "fields": {"subject_name": "IT", "class_name": "S2 ECA", "day": "F", "LAB": "L5", "allotted_hours": "6,7", "period": "2025-dec"}}, {"model": "fisat.subjectentry", "pk": 62, "fields": {"subject_name": "IT", "class_name": "S2 ECA", "day": "W", "LAB": "L5", "allotted_hours": "2,3", "period": "2025-dec"}}, {"model": "fisat.subjectentry", "pk": 63, "fields": {"subject_name": "IT", "class_name": "S2 ECB", "day": "M", "LAB": "L5", "allotted_hours": "6,7", "period": "2025-dec"}}, {"model": "fisat.subjectentry", "pk": 64, "fields": {"subject_name": "IT", "class_name": "S2 ECB", "day": "T", "LAB": "L5", "allotted_hours": "2,3", "period": "2025-dec"}}, {"model": "fisat.subjectentry", "pk": 65, "fields": {"subject_name": "IT", "class_name": "S2 EI", "day": "M", "LAB": "L5", "allotted_hours": "2,3", "period": "2025-dec"}}, {"model": "fisat.subjectentry", "pk": 66, "fields": {"subject_name": "IT", "class_name": "S2 EI", "day": "Th", "LAB": "L5", "allotted_hours": "6,7", "period": "2025-dec"}}, {"model": "fisat.subjectentry", "pk": 68, "fields": {"subject_name": "IT", "class_name": "S2 EE", "day": "Th", "LAB": "L5", "allotted_hours": "2,3", "period": "2025-dec"}}, {"model": "fisat.subjectentry", "pk": 69, "fields": {"subject_name": "C LAB", "class_name": "S2 ECA", "day": "M", "LAB": "L5", "allotted_hours": "8,5", "period": "2025-dec"}}, {"model": "fisat.subjectentry", "pk": 70, "fields": {"subject_name": "C LAB", "class_name": "S2 ECB", "day": "Th", "LAB": "L5", "allotted_hours": "8,5", "period": "2025-dec"}}, {"model": "fisat.subjectentry", "pk": 72, "fields": {"subject_name": "MP", "class_name": "S6 CSA", "day": "T", "LAB": "PG LAB", "allotted_hours": "5,6,7", "period": "2025-dec"}}, {"model": "fisat.subjectentry", "pk": 73, "fields": {"subject_name": "MP", "class_name": "S6 CSA", "day": "Th", "LAB": "PG LAB", "allotted_hours": "1,2,3", "period": "2025-dec"}}, {"model": "fisat.subjectentry", "pk": 75, "fields": {"subject_name": "MP", "class_name": "S6 CSB", "day": "Th", "LAB": "L3", "allotted_hours": "1,2,3", "period": "2025-dec"}}, {"model": "fisat.subjectentry", "pk": 76, "fields": {"subject_name": "MP", "class_name": "S6 CSC", "day": "M", "LAB": "PG LAB", "allotted_hours": "5,6,7", "period": "2025-dec"}}, {"model": "fisat.subjectentry", "pk": 77, "fields": {"subject_name": "MP", "class_name": "S6 CSC", "day": "F", "LAB": "PG LAB", "allotted_hours": "1,2,3", "period": "2025-dec"}}, {"model": "fisat.subjectentry", "pk": 78, "fields": {"subject_name": "MP", "class_name": "S6 CSD", "day": "T", "LAB": "PG LAB", "allotted_hours": "2,3,4", "period": "2025-dec"}}, {"model": "fisat.subjectentry", "pk": 79, "fields": {"subject_name": "MP", "class_name": "S6 CSD", "day": "Th", "LAB": "PG LAB", "allotted_hours": "5,6,7", "period": "2025-dec"}}, {"model": "fisat.subjectentry", "pk": 81, "fields": {"subject_name": "COA", "class_name": "S4 CSB", "day": "T", "LAB": "L3", "allotted_hours": "6,7", "period": "2025-dec"}}, {"model": "fisat.subjectentry", "pk": 86, "fields": {"subject_name": "IT", "class_name": "S2 EE", "day": "T", "LAB": "L5", "allotted_hours": "8,5", "period": "2025-dec"}}, {"model": "fisat.subjectentry", "pk": 88, "fields": {"subject_name": "COA", "class_name": "S4 CSD", "day": "F", "LAB": "L3", "allotted_hours": "5,6", "period": "2025-dec"}}, {"model": "fisat.subjectentry", "pk": 89, "fields": {"subject_name": "COA", "class_name": "S4 CSA", "day": "W", "LAB": "L3", "allotted_hours": "6,7", "period": "2025-dec"}}, {"model": "fisat.subjectentry", "pk": 90, "fields": {"subject_name": "IT", "class_name": "S2 CSB", "day": "F", "LAB": "L2", "allotted_hours": "6,7", "period": "2025-dec"}}, {"model": "fisat.subjectentry", "pk": 92, "fields": {"subject_name": "COA", "class_name": "S4 CSC", "day": "W", "LAB": "L3", "allotted_hours": "2,3", "period": "2025-dec"}}, {"model": "fisat.subjectentry", "pk": 93, "fields": {"subject_name": "IT", "class_name": "S2 CSC", "day": "W", "LAB": "L2", "allotted_hours": "2,3", "period": "2025-dec"}}, {"model": "fisat.subjectentry", "pk": 97, "fields": {"subject_name": "OOPS", "class_name": "S2 MCA", "day": "T", "LAB": "L6", "allotted_hours": "6,7", "period": "2025-dec"}}, {"model": "fisat.subjectentry", "pk": 98, "fields": {"subject_name": "OOPS", "class_name": "S2 MCA", "day": "Th", "LAB": "L6", "allotted_hours": "3,4", "period": "2025-dec"}}, {"model": "fisat.subjectentry", "pk": 99, "fields": {"subject_name": "NSA", "class_name": "S2 MCA", "day": "M", "LAB": "L6", "allotted_hours": "6,7", "period": "2025-dec"}}, {"model": "fisat.subjectentry", "pk": 100, "fields": {"subject_name": "NSA", "class_name": "S2 MCA", "day": "W", "LAB": "L6", "allotted_hours": "3,4", "period": "2025-dec"}}, {"model": "fisat.subjectentry", "pk": 101, "fields": {"subject_name": "C LAB", "class_name": "iMCA", "day": "W", "LAB": "L6", "allotted_hours": "6,7", "period": "2025-dec"}}, {"model": "fisat.subjectentry", "pk": 102, "fields": {"subject_name": "C LAB", "class_name": "iMCA", "day": "F", "LAB": "L6", "allotted_hours": "3,4", "period": "2025-dec"}}, {"model": "fisat.subjectentry", "pk": 103, "fields": {"subject_name": "MP", "class_name": "S6 CSB", "day": "T", "LAB": "L4", "allotted_hours": "5,6,7", "period": "2025-dec"}}, {"model": "fisat.subjectentry", "pk": 104, "fields": {"subject_name": "DBMSM", "class_name": "S2 MCA", "day": "M", "LAB": "L6", "allotted_hours": "3,4", "period": "2025-dec"}}, {"model": "fisat.subjectentry", "pk": 105, "fields": {"subject_name": "DBMSM", "class_name": "S2 MCA", "day": "F", "LAB": "L6", "allotted_hours": "1,2", "period": "2025-dec"}}, {"model": "fisat.subjectentry", "pk": 110, "fields": {"subject_name": "C LAB", "class_name": "S2 CSD", "day": "T", "LAB": "L6", "allotted_hours": "8,5", "period": "2025-dec"}}, {"model": "fisat.subjectentry", "pk": 111, "fields": {"subject_name": "C LAB", "class_name": "S2 CSD", "day": "F", "LAB": "L6", "allotted_hours": "6,7", "period": "2025-dec"}}, {"model": "fisat.staff", "pk": 1, "fields": {"name": "AMBILY N MENON"}}, {"model": "fisat.staff", "pk": 2, "fields": {"name": "SREELALITHAMBIKA P K"}}, {"model": "fisat.staff", "pk": 3, "fields": {"name": "NEEBA CHERIYACHAN"}}, {"model": "fisat.staff", "pk": 4, "fields": {"name": "AMBILY SEKAR C"}}, {"model": "fisat.staff", "pk": 5, "fields": {"name": "NOMA MATHEW"}}, {"model": "fisat.staff", "pk": 6, "fields": {"name": "SANDYA O C"}}, {"model": "fisat.staff", "pk": 7, "fields": {"name": "VARUN P NAIR"}}, {"model": "fisat.staff", "pk": 8, "fields": {"name": "ARAVIND BALAN"}}, {"model": "fisat.staff", "pk": 9, "fields": {"name": "SALINI T R"}}, {"model": "fisat.staff", "pk": 10, "fields": {"name": "JOYCY"}}, {"model": "fisat.staff", "pk": 11, "fields": {"name": "SMIJA M B"}}, {"model": "fisat.timetableentry", "pk": 605, "fields": {"staff": 1, "subject": 24, "user": 1}}, {"model": "fisat.timetableentry", "pk": 606, "fields": {"staff": 2, "subject": 24, "user": 1}}, {"model": "fisat.timetableentry", "pk": 607, "fields": {"staff": 1, "subject": 23, "user": 1}}, {"model": "fisat.timetableentry", "pk": 608, "fields": {"staff": 2, "subject": 23, "user": 1}}, {"model": "fisat.timetableentry", "pk": 609, "fields": {"staff": 4, "subject": 25, "user": 1}}, {"model": "fisat.timetableentry", "pk": 610, "fields": {"staff": 5, "subject": 25, "user": 1}}, {"model": "fisat.timetableentry", "pk": 611, "fields": {"staff": 4, "subject": 26, "user": 1}}, {"model": "fisat.timetableentry", "pk": 612, "fields": {"staff": 5, "subject": 26, "user": 1}}, {"model": "fisat.timetableentry", "pk": 613, "fields": {"staff": 7, "subject": 27, "user": 1}}, {"model": "fisat.timetableentry", "pk": 614, "fields": {"staff": 10, "subject": 27, "user": 1}}, {"model": "fisat.timetableentry", "pk": 615, "fields": {"staff": 7, "subject": 28, "user": 1}}, {"model": "fisat.timetableentry", "pk": 616, "fields": {"staff": 10, "subject": 28, "user": 1}}, {"model": "fisat.timetableentry", "pk": 617, "fields": {"staff": 3, "subject": 29, "user": 1}}, {"model": "fisat.timetableentry", "pk": 618, "fields": {"staff": 6, "subject": 29, "user": 1}}, {"model": "fisat.timetableentry", "pk": 619, "fields": {"staff": 3, "subject": 30, "user": 1}}, {"model": "fisat.timetableentry", "pk": 620, "fields": {"staff": 6, "subject": 30, "user": 1}}, {"model": "fisat.timetableentry", "pk": 621, "fields": {"staff": 3, "subject": 16, "user": 1}}, {"model": "fisat.timetableentry", "pk": 622, "fields": {"staff": 6, "subject": 16, "user": 1}}, {"model": "fisat.timetableentry", "pk": 623, "fields": {"staff": 3, "subject": 15, "user": 1}}, {"model": "fisat.timetableentry", "pk": 624, "fields": {"staff": 6, "subject": 15, "user": 1}}, {"model": "fisat.timetableentry", "pk": 625, "fields": {"staff": 8, "subject": 17, "user": 1}}, {"model": "fisat.timetableentry", "pk": 626, "fields": {"staff": 7, "subject": 17, "user": 1}}, {"model": "fisat.timetableentry", "pk": 627, "fields": {"staff": 8, "subject": 18, "user": 1}}, {"model": "fisat.timetableentry", "pk": 628, "fields": {"staff": 7, "subject": 18, "user": 1}}, {"model": "fisat.timetableentry", "pk": 629, "fields": {"staff": 4, "subject": 19, "user": 1}}, {"model": "fisat.timetableentry", "pk": 630, "fields": {"staff": 9, "subject": 19, "user": 1}}, {"model": "fisat.timetableentry", "pk": 631, "fields": {"staff": 4, "subject": 20, "user": 1}}, {"model": "fisat.timetableentry", "pk": 632, "fields": {"staff": 9, "subject": 20, "user": 1}}, {"model": "fisat.timetableentry", "pk": 633, "fields": {"staff": 10, "subject": 21, "user": 1}}, {"model": "fisat.timetableentry", "pk": 634, "fields": {"staff": 11, "subject": 21, "user": 1}}, {"model": "fisat.timetableentry", "pk": 635, "fields": {"staff": 10, "subject": 22, "user": 1}}, {"model": "fisat.timetableentry", "pk": 636, "fields": {"staff": 11, "subject": 22, "user": 1}}, {"model": "fisat.timetableentry", "pk": 637, "fields": {"staff": 11, "subject": 31, "user": 1}}, {"model": "fisat.timetableentry", "pk": 638, "fields": {"staff": 11, "subject": 32, "user": 1}}, {"model": "fisat.timetableentry", "pk": 639, "fields": {"staff": 1, "subject": 33, "user": 1}}, {"model": "fisat.timetableentry", "pk": 640, "fields": {"staff": 1, "subject": 34, "user": 1}}, {"model": "fisat.timetableentry", "pk": 641, "fields": {"staff": 2, "subject": 35, "user": 1}}, {"model": "fisat.timetableentry", "pk": 642, "fields": {"staff": 2, "subject": 36, "user": 1}}, {"model": "fisat.timetableentry", "pk": 643, "fields": {"staff": 9, "subject": 38, "user": 1}}, {"model": "fisat.timetableentry", "pk": 644, "fields": {"staff": 9, "subject": 37, "user": 1}}, {"model": "fisat.timetableentry", "pk": 645, "fields": {"staff": 3, "subject": 53, "user": 1}}, {"model": "fisat.timetableentry", "pk": 646, "fields": {"staff": 5, "subject": 53, "user": 1}}, {"model": "fisat.timetableentry", "pk": 647, "fields": {"staff": 4, "subject": 54, "user": 1}}, {"model": "fisat.timetableentry", "pk": 648, "fields": {"staff": 5, "subject": 54, "user": 1}}, {"model": "fisat.timetableentry", "pk": 649, "fields": {"staff": 1, "subject": 90, "user": 1}}, {"model": "fisat.timetableentry", "pk": 650, "fields": {"staff": 2, "subject": 90, "user": 1}}, {"model": "fisat.timetableentry", "pk": 651, "fields": {"staff": 1, "subject": 55, "user": 1}}, {"model": "fisat.timetableentry", "pk": 652, "fields": {"staff": 2, "subject": 55, "user": 1}}, {"model": "fisat.timetableentry", "pk": 653, "fields": {"staff": 1, "subject": 93, "user": 1}}, {"model": "fisat.timetableentry", "pk": 654, "fields": {"staff": 2, "subject": 93, "user": 1}}, {"model": "fisat.timetableentry", "pk": 655, "fields": {"staff": 3, "subject": 57, "user": 1}}, {"model": "fisat.timetableentry", "pk": 656, "fields": {"staff": 6, "subject": 57, "user": 1}}, {"model": "fisat.timetableentry", "pk": 657, "fields": {"staff": 4, "subject": 59, "user": 1}}, {"model": "fisat.timetableentry", "pk": 658, "fields": {"staff": 5, "subject": 59, "user": 1}}, {"model": "fisat.timetableentry", "pk": 659, "fields": {"staff": 4, "subject": 60, "user": 1}}, {"model": "fisat.timetableentry", "pk": 660, "fields": {"staff": 7, "subject": 60, "user": 1}}, {"model": "fisat.timetableentry", "pk": 661, "fields": {"staff": 3, "subject": 61, "user": 1}}, {"model": "fisat.timetableentry", "pk": 662, "fields": {"staff": 6, "subject": 61, "user": 1}}, {"model": "fisat.timetableentry", "pk": 663, "fields": {"staff": 6, "subject": 62, "user": 1}}, {"model": "fisat.timetableentry", "pk": 664, "fields": {"staff": 9, "subject": 62, "user": 1}}, {"model": "fisat.timetableentry", "pk": 665, "fields": {"staff": 10, "subject": 63, "user": 1}}, {"model": "fisat.timetableentry", "pk": 666, "fields": {"staff": 11, "subject": 63, "user": 1}}, {"model": "fisat.timetableentry", "pk": 668, "fields": {"staff": 8, "subject": 64, "user": 1}}, {"model": "fisat.timetableentry", "pk": 669, "fields": {"staff": 8, "subject": 86, "user": 1}}, {"model": "fisat.timetableentry", "pk": 670, "fields": {"staff": 11, "subject": 86, "user": 1}}, {"model": "fisat.timetableentry", "pk": 671, "fields": {"staff": 8, "subject": 68, "user": 1}}, {"model": "fisat.timetableentry", "pk": 672, "fields": {"staff": 11, "subject": 68, "user": 1}}, {"model": "fisat.timetableentry", "pk": 673, "fields": {"staff": 7, "subject": 65, "user": 1}}, {"model": "fisat.timetableentry", "pk": 674, "fields": {"staff": 9, "subject": 65, "user": 1}}, {"model": "fisat.timetableentry", "pk": 675, "fields": {"staff": 9, "subject": 66, "user": 1}}, {"model": "fisat.timetableentry", "pk": 676, "fields": {"staff": 10, "subject": 66, "user": 1}}, {"model": "fisat.timetableentry", "pk": 677, "fields": {"staff": 1, "subject": 39, "user": 1}}, {"model": "fisat.timetableentry", "pk": 678, "fields": {"staff": 1, "subject": 40, "user": 1}}, {"model": "fisat.timetableentry", "pk": 679, "fields": {"staff": 1, "subject": 41, "user": 1}}, {"model": "fisat.timetableentry", "pk": 680, "fields": {"staff": 3, "subject": 42, "user": 1}}, {"model": "fisat.timetableentry", "pk": 682, "fields": {"staff": 4, "subject": 44, "user": 1}}, {"model": "fisat.timetableentry", "pk": 683, "fields": {"staff": 4, "subject": 111, "user": 1}}, {"model": "fisat.timetableentry", "pk": 684, "fields": {"staff": 6, "subject": 110, "user": 1}}, {"model": "fisat.timetableentry", "pk": 685, "fields": {"staff": 2, "subject": 69, "user": 1}}, {"model": "fisat.timetableentry", "pk": 686, "fields": {"staff": 3, "subject": 48, "user": 1}}, {"model": "fisat.timetableentry", "pk": 687, "fields": {"staff": 5, "subject": 50, "user": 1}}, {"model": "fisat.timetableentry", "pk": 688, "fields": {"staff": 7, "subject": 70, "user": 1}}, {"model": "fisat.timetableentry", "pk": 689, "fields": {"staff": 5, "subject": 52, "user": 1}}, {"model": "fisat.timetableentry", "pk": 690, "fields": {"staff": 5, "subject": 51, "user": 1}}, {"model": "fisat.timetableentry", "pk": 691, "fields": {"staff": 7, "subject": 102, "user": 1}}, {"model": "fisat.timetableentry", "pk": 693, "fields": {"staff": 10, "subject": 70, "user": 1}}, {"model": "fisat.timetableentry", "pk": 694, "fields": {"staff": 10, "subject": 50, "user": 1}}, {"model": "fisat.timetableentry", "pk": 695, "fields": {"staff": 9, "subject": 51, "user": 1}}, {"model": "fisat.timetableentry", "pk": 696, "fields": {"staff": 9, "subject": 52, "user": 1}}, {"model": "fisat.timetableentry", "pk": 697, "fields": {"staff": 11, "subject": 69, "user": 1}}, {"model": "fisat.timetableentry", "pk": 698, "fields": {"staff": 11, "subject": 48, "user": 1}}, {"model": "fisat.timetableentry", "pk": 699, "fields": {"staff": 10, "subject": 64, "user": 1}}, {"model": "fisat.timetableentry", "pk": 701, "fields": {"staff": 6, "subject": 43, "user": 1}}, {"model": "fisat.timetableentry", "pk": 703, "fields": {"staff": 4, "subject": 43, "user": 1}}, {"model": "fisat.timetableentry", "pk": 704, "fields": {"staff": 8, "subject": 44, "user": 1}}, {"model": "fisat.timetableentry", "pk": 705, "fields": {"staff": 3, "subject": 41, "user": 1}}, {"model": "fisat.timetableentry", "pk": 706, "fields": {"staff": 11, "subject": 42, "user": 1}}, {"model": "fisat.timetableentry", "pk": 708, "fields": {"staff": 8, "subject": 39, "user": 1}}, {"model": "fisat.timetableentry", "pk": 710, "fields": {"staff": 5, "subject": 101, "user": 1}}, {"model": "fisat.timetableentry", "pk": 711, "fields": {"staff": 7, "subject": 111, "user": 1}}, {"model": "fisat.timetableentry", "pk": 712, "fields": {"staff": 8, "subject": 40, "user": 1}}]