[{"model": "admin.logentry", "pk": 1, "fields": {"action_time": "2024-07-16T05:24:42.137Z", "user": 1, "content_type": 7, "object_id": "1", "object_repr": "AMBILI N MENON", "action_flag": 1, "change_message": "[{\"added\": {}}]"}}, {"model": "admin.logentry", "pk": 2, "fields": {"action_time": "2024-07-16T05:24:48.102Z", "user": 1, "content_type": 7, "object_id": "2", "object_repr": "SREELALITHAMBIKA P K", "action_flag": 1, "change_message": "[{\"added\": {}}]"}}, {"model": "admin.logentry", "pk": 3, "fields": {"action_time": "2024-07-16T05:25:09.473Z", "user": 1, "content_type": 7, "object_id": "3", "object_repr": "SANDHYA O C", "action_flag": 1, "change_message": "[{\"added\": {}}]"}}, {"model": "admin.logentry", "pk": 4, "fields": {"action_time": "2024-07-16T05:25:20.566Z", "user": 1, "content_type": 7, "object_id": "4", "object_repr": "NEEBA CHERIYACHAN", "action_flag": 1, "change_message": "[{\"added\": {}}]"}}, {"model": "admin.logentry", "pk": 5, "fields": {"action_time": "2024-07-16T05:25:26.210Z", "user": 1, "content_type": 7, "object_id": "5", "object_repr": "AMBILY SEKAR C", "action_flag": 1, "change_message": "[{\"added\": {}}]"}}, {"model": "admin.logentry", "pk": 6, "fields": {"action_time": "2024-07-16T05:25:30.677Z", "user": 1, "content_type": 7, "object_id": "6", "object_repr": "NOMA MATHEW M", "action_flag": 1, "change_message": "[{\"added\": {}}]"}}, {"model": "admin.logentry", "pk": 7, "fields": {"action_time": "2024-07-16T05:25:34.644Z", "user": 1, "content_type": 7, "object_id": "7", "object_repr": "VARUN P NAIR", "action_flag": 1, "change_message": "[{\"added\": {}}]"}}, {"model": "admin.logentry", "pk": 8, "fields": {"action_time": "2024-07-16T05:25:40.080Z", "user": 1, "content_type": 7, "object_id": "8", "object_repr": "ARAVIND BALAN", "action_flag": 1, "change_message": "[{\"added\": {}}]"}}, {"model": "admin.logentry", "pk": 9, "fields": {"action_time": "2024-07-16T05:25:49.736Z", "user": 1, "content_type": 7, "object_id": "9", "object_repr": "SALINIT T R", "action_flag": 1, "change_message": "[{\"added\": {}}]"}}, {"model": "admin.logentry", "pk": 10, "fields": {"action_time": "2024-07-16T05:25:58.061Z", "user": 1, "content_type": 7, "object_id": "10", "object_repr": "JOICY", "action_flag": 1, "change_message": "[{\"added\": {}}]"}}, {"model": "admin.logentry", "pk": 11, "fields": {"action_time": "2024-07-16T05:26:03.432Z", "user": 1, "content_type": 7, "object_id": "11", "object_repr": "SMIJA", "action_flag": 1, "change_message": "[{\"added\": {}}]"}}, {"model": "admin.logentry", "pk": 12, "fields": {"action_time": "2024-07-17T04:22:01.072Z", "user": 1, "content_type": 8, "object_id": "17", "object_repr": "DBMS - S5 CSA", "action_flag": 2, "change_message": "[{\"changed\": {\"fields\": [\"Allotted hours\"]}}]"}}, {"model": "admin.logentry", "pk": 13, "fields": {"action_time": "2024-07-17T04:45:53.333Z", "user": 1, "content_type": 8, "object_id": "19", "object_repr": "MICRO PROCESSOR - S5 CSA", "action_flag": 2, "change_message": "[{\"changed\": {\"fields\": [\"Allotted hours\"]}}]"}}, {"model": "admin.logentry", "pk": 14, "fields": {"action_time": "2024-07-17T05:39:19.392Z", "user": 1, "content_type": 8, "object_id": "68", "object_repr": "PYTHON - S1 CEB", "action_flag": 3, "change_message": ""}}, {"model": "admin.logentry", "pk": 15, "fields": {"action_time": "2024-07-17T05:39:26.202Z", "user": 1, "content_type": 8, "object_id": "69", "object_repr": "PYTHON - S1 CEB", "action_flag": 3, "change_message": ""}}, {"model": "admin.logentry", "pk": 16, "fields": {"action_time": "2024-07-17T05:50:04.477Z", "user": 1, "content_type": 8, "object_id": "63", "object_repr": "PYTHON - S1 CSD", "action_flag": 3, "change_message": ""}}, {"model": "admin.logentry", "pk": 17, "fields": {"action_time": "2024-07-17T05:50:09.548Z", "user": 1, "content_type": 8, "object_id": "62", "object_repr": "PYTHON - S1 CSD", "action_flag": 3, "change_message": ""}}, {"model": "admin.logentry", "pk": 18, "fields": {"action_time": "2024-07-17T08:03:26.309Z", "user": 1, "content_type": 8, "object_id": "59", "object_repr": "PYTHON - S1 CSB", "action_flag": 2, "change_message": "[{\"changed\": {\"fields\": [\"Day\"]}}]"}}, {"model": "admin.logentry", "pk": 19, "fields": {"action_time": "2024-07-18T04:10:24.298Z", "user": 1, "content_type": 9, "object_id": "77", "object_repr": "SALINIT T R - MAD ", "action_flag": 3, "change_message": ""}}, {"model": "admin.logentry", "pk": 20, "fields": {"action_time": "2024-07-18T15:07:48.727Z", "user": 1, "content_type": 8, "object_id": "76", "object_repr": "PYTHON - S1 CSD", "action_flag": 2, "change_message": "[{\"changed\": {\"fields\": [\"Allotted hours\"]}}]"}}, {"model": "admin.logentry", "pk": 21, "fields": {"action_time": "2024-07-18T15:08:45.224Z", "user": 1, "content_type": 8, "object_id": "65", "object_repr": "PYTHON - S1 CEA", "action_flag": 2, "change_message": "[{\"changed\": {\"fields\": [\"Allotted hours\"]}}]"}}, {"model": "admin.logentry", "pk": 22, "fields": {"action_time": "2024-07-18T15:09:09.712Z", "user": 1, "content_type": 8, "object_id": "61", "object_repr": "PYTHON - S1 CSC", "action_flag": 2, "change_message": "[{\"changed\": {\"fields\": [\"Allotted hours\"]}}]"}}, {"model": "admin.logentry", "pk": 23, "fields": {"action_time": "2024-07-18T15:09:43.997Z", "user": 1, "content_type": 8, "object_id": "56", "object_repr": "PYTHON - S1 CSA", "action_flag": 2, "change_message": "[{\"changed\": {\"fields\": [\"Allotted hours\"]}}]"}}, {"model": "auth.permission", "pk": 1, "fields": {"name": "Can add log entry", "content_type": 1, "codename": "add_logentry"}}, {"model": "auth.permission", "pk": 2, "fields": {"name": "Can change log entry", "content_type": 1, "codename": "change_logentry"}}, {"model": "auth.permission", "pk": 3, "fields": {"name": "Can delete log entry", "content_type": 1, "codename": "delete_logentry"}}, {"model": "auth.permission", "pk": 4, "fields": {"name": "Can view log entry", "content_type": 1, "codename": "view_logentry"}}, {"model": "auth.permission", "pk": 5, "fields": {"name": "Can add permission", "content_type": 2, "codename": "add_permission"}}, {"model": "auth.permission", "pk": 6, "fields": {"name": "Can change permission", "content_type": 2, "codename": "change_permission"}}, {"model": "auth.permission", "pk": 7, "fields": {"name": "Can delete permission", "content_type": 2, "codename": "delete_permission"}}, {"model": "auth.permission", "pk": 8, "fields": {"name": "Can view permission", "content_type": 2, "codename": "view_permission"}}, {"model": "auth.permission", "pk": 9, "fields": {"name": "Can add group", "content_type": 3, "codename": "add_group"}}, {"model": "auth.permission", "pk": 10, "fields": {"name": "Can change group", "content_type": 3, "codename": "change_group"}}, {"model": "auth.permission", "pk": 11, "fields": {"name": "Can delete group", "content_type": 3, "codename": "delete_group"}}, {"model": "auth.permission", "pk": 12, "fields": {"name": "Can view group", "content_type": 3, "codename": "view_group"}}, {"model": "auth.permission", "pk": 13, "fields": {"name": "Can add user", "content_type": 4, "codename": "add_user"}}, {"model": "auth.permission", "pk": 14, "fields": {"name": "Can change user", "content_type": 4, "codename": "change_user"}}, {"model": "auth.permission", "pk": 15, "fields": {"name": "Can delete user", "content_type": 4, "codename": "delete_user"}}, {"model": "auth.permission", "pk": 16, "fields": {"name": "Can view user", "content_type": 4, "codename": "view_user"}}, {"model": "auth.permission", "pk": 17, "fields": {"name": "Can add content type", "content_type": 5, "codename": "add_contenttype"}}, {"model": "auth.permission", "pk": 18, "fields": {"name": "Can change content type", "content_type": 5, "codename": "change_contenttype"}}, {"model": "auth.permission", "pk": 19, "fields": {"name": "Can delete content type", "content_type": 5, "codename": "delete_contenttype"}}, {"model": "auth.permission", "pk": 20, "fields": {"name": "Can view content type", "content_type": 5, "codename": "view_contenttype"}}, {"model": "auth.permission", "pk": 21, "fields": {"name": "Can add session", "content_type": 6, "codename": "add_session"}}, {"model": "auth.permission", "pk": 22, "fields": {"name": "Can change session", "content_type": 6, "codename": "change_session"}}, {"model": "auth.permission", "pk": 23, "fields": {"name": "Can delete session", "content_type": 6, "codename": "delete_session"}}, {"model": "auth.permission", "pk": 24, "fields": {"name": "Can view session", "content_type": 6, "codename": "view_session"}}, {"model": "auth.permission", "pk": 25, "fields": {"name": "Can add staff", "content_type": 7, "codename": "add_staff"}}, {"model": "auth.permission", "pk": 26, "fields": {"name": "Can change staff", "content_type": 7, "codename": "change_staff"}}, {"model": "auth.permission", "pk": 27, "fields": {"name": "Can delete staff", "content_type": 7, "codename": "delete_staff"}}, {"model": "auth.permission", "pk": 28, "fields": {"name": "Can view staff", "content_type": 7, "codename": "view_staff"}}, {"model": "auth.permission", "pk": 29, "fields": {"name": "Can add subject entry", "content_type": 8, "codename": "add_subjectentry"}}, {"model": "auth.permission", "pk": 30, "fields": {"name": "Can change subject entry", "content_type": 8, "codename": "change_subjectentry"}}, {"model": "auth.permission", "pk": 31, "fields": {"name": "Can delete subject entry", "content_type": 8, "codename": "delete_subjectentry"}}, {"model": "auth.permission", "pk": 32, "fields": {"name": "Can view subject entry", "content_type": 8, "codename": "view_subjectentry"}}, {"model": "auth.permission", "pk": 33, "fields": {"name": "Can add timetable entry", "content_type": 9, "codename": "add_timetableentry"}}, {"model": "auth.permission", "pk": 34, "fields": {"name": "Can change timetable entry", "content_type": 9, "codename": "change_timetableentry"}}, {"model": "auth.permission", "pk": 35, "fields": {"name": "Can delete timetable entry", "content_type": 9, "codename": "delete_timetableentry"}}, {"model": "auth.permission", "pk": 36, "fields": {"name": "Can view timetable entry", "content_type": 9, "codename": "view_timetableentry"}}, {"model": "auth.user", "pk": 1, "fields": {"password": "pbkdf2_sha256$720000$lZA3oWGKsxM7kavEV1FBl4$SfIcQxfMVji0aWSOwmDoh8j62ObCZrkaLPQ4LT2NaMc=", "last_login": "2024-07-18T15:07:08.358Z", "is_superuser": true, "username": "varun", "first_name": "", "last_name": "", "email": "varun@fisat.ac.in", "is_staff": true, "is_active": true, "date_joined": "2024-07-16T05:24:09.092Z", "groups": [], "user_permissions": []}}, {"model": "contenttypes.contenttype", "pk": 1, "fields": {"app_label": "admin", "model": "logentry"}}, {"model": "contenttypes.contenttype", "pk": 2, "fields": {"app_label": "auth", "model": "permission"}}, {"model": "contenttypes.contenttype", "pk": 3, "fields": {"app_label": "auth", "model": "group"}}, {"model": "contenttypes.contenttype", "pk": 4, "fields": {"app_label": "auth", "model": "user"}}, {"model": "contenttypes.contenttype", "pk": 5, "fields": {"app_label": "contenttypes", "model": "contenttype"}}, {"model": "contenttypes.contenttype", "pk": 6, "fields": {"app_label": "sessions", "model": "session"}}, {"model": "contenttypes.contenttype", "pk": 7, "fields": {"app_label": "fisat", "model": "staff"}}, {"model": "contenttypes.contenttype", "pk": 8, "fields": {"app_label": "fisat", "model": "subjectentry"}}, {"model": "contenttypes.contenttype", "pk": 9, "fields": {"app_label": "fisat", "model": "timetableentry"}}, {"model": "sessions.session", "pk": "3mj2plqws6sgaxhqxovb98f6vd2ot8s4", "fields": {"session_data": ".eJxVjEEOwiAQRe_C2hDoDEFcuvcMZGCgVA0kpV0Z726bdGG3_733P8LTuhS_9jT7icVNaHH53wLFV6o74CfVscnY6jJPQe6KPGiXj8bpfT_c00GhXrbaGoccMzrOzoGlrDgDKGQ2FEBnpeygDVJSEQGIMNg0oCWHGzFXFN8f5c83aA:1sUIS7:K_23s0thoEvg0BsqEy1BP5NF9qIjdE3sGo_ssstnZls", "expire_date": "2024-08-01T04:09:11.233Z"}}, {"model": "sessions.session", "pk": "8j21fpwgicoh1ysc35gbq1mtkzneyjc9", "fields": {"session_data": ".eJxVjE0OwiAYBe_C2pAChYJL956BfD8gVQNJaVfGu2uTLnT7Zua9RIRtLXHraYkzi7NQ4vS7IdAj1R3wHeqtSWp1XWaUuyIP2uW1cXpeDvfvoEAv3zoQAQblg3ZstU-YiNFnP2lLGlwYkWiYIHs9BBWQ0KaRMztjmZCMEe8PBoE4_Q:1sUSiq:RWoaF3PGY6d7K1UN9dFH5CUMuJKVudN0BBvoQyYmiNc", "expire_date": "2024-08-01T15:07:08.361Z"}}, {"model": "sessions.session", "pk": "epjqcnr6g9dvqig8vdn1l2nu8h59bme6", "fields": {"session_data": ".eJxVjEEOwiAQRe_C2hDoDEFcuvcMZGCgVA0kpV0Z726bdGG3_733P8LTuhS_9jT7icVNaHH53wLFV6o74CfVscnY6jJPQe6KPGiXj8bpfT_c00GhXrbaGoccMzrOzoGlrDgDKGQ2FEBnpeygDVJSEQGIMNg0oCWHGzFXFN8f5c83aA:1sTwAR:s6Zs75Q8b_OK0XMuMqE82lon3CX4g5PjBNkDof2-51s", "expire_date": "2024-07-31T04:21:27.303Z"}}, {"model": "sessions.session", "pk": "qb31lwyirdlohumlny1w34dcyzufdh4z", "fields": {"session_data": ".eJxVjEEOwiAQRe_C2hDoDEFcuvcMZGCgVA0kpV0Z726bdGG3_733P8LTuhS_9jT7icVNaHH53wLFV6o74CfVscnY6jJPQe6KPGiXj8bpfT_c00GhXrbaGoccMzrOzoGlrDgDKGQ2FEBnpeygDVJSEQGIMNg0oCWHGzFXFN8f5c83aA:1sTafs:a3hMxa8n2LSK4hfjUWDSfbz__joi59TsS8unL9J4zvI", "expire_date": "2024-07-30T05:24:28.954Z"}}, {"model": "sessions.session", "pk": "wfnln417kl8xhdee97s2uu6obmw1k3ic", "fields": {"session_data": ".eJxVjEEOwiAQRe_C2hDoDEFcuvcMZGCgVA0kpV0Z726bdGG3_733P8LTuhS_9jT7icVNaHH53wLFV6o74CfVscnY6jJPQe6KPGiXj8bpfT_c00GhXrbaGoccMzrOzoGlrDgDKGQ2FEBnpeygDVJSEQGIMNg0oCWHGzFXFN8f5c83aA:1sTzcl:KBzaiGje-ZnPpZgIszHV_sPTSthAIi9gSafqjmy5Lyg", "expire_date": "2024-07-31T08:02:55.795Z"}}, {"model": "fisat.subjectentry", "pk": 1, "fields": {"subject_name": "DS", "class_name": "S3 CSA", "day": "M", "LAB": "L1", "allotted_hours": "2,3,4"}}, {"model": "fisat.subjectentry", "pk": 2, "fields": {"subject_name": "DS", "class_name": "S3 CSA", "day": "W", "LAB": "L1", "allotted_hours": "5,6,7"}}, {"model": "fisat.subjectentry", "pk": 3, "fields": {"subject_name": "DS", "class_name": "S3 CSB", "day": "F", "LAB": "L1", "allotted_hours": "2,3,4"}}, {"model": "fisat.subjectentry", "pk": 4, "fields": {"subject_name": "DS", "class_name": "S3 CSB", "day": "T", "LAB": "L1", "allotted_hours": "5,6,7"}}, {"model": "fisat.subjectentry", "pk": 5, "fields": {"subject_name": "DS", "class_name": "S3 CSC", "day": "T", "LAB": "L1", "allotted_hours": "2,3,4"}}, {"model": "fisat.subjectentry", "pk": 6, "fields": {"subject_name": "DS", "class_name": "S3 CSC", "day": "Th", "LAB": "L1", "allotted_hours": "5,6,7"}}, {"model": "fisat.subjectentry", "pk": 7, "fields": {"subject_name": "DS", "class_name": "S3 CSD", "day": "W", "LAB": "L1", "allotted_hours": "2,3,4"}}, {"model": "fisat.subjectentry", "pk": 8, "fields": {"subject_name": "DS", "class_name": "S3 CSD", "day": "M", "LAB": "L1", "allotted_hours": "5,6,7"}}, {"model": "fisat.subjectentry", "pk": 9, "fields": {"subject_name": "JAVA", "class_name": "S3 CSA", "day": "M", "LAB": "L2", "allotted_hours": "2,3,4"}}, {"model": "fisat.subjectentry", "pk": 10, "fields": {"subject_name": "JAVA", "class_name": "S3 CSA", "day": "W", "LAB": "L2", "allotted_hours": "5,6,7"}}, {"model": "fisat.subjectentry", "pk": 11, "fields": {"subject_name": "JAVA", "class_name": "S3 CSB", "day": "F", "LAB": "L2", "allotted_hours": "2,3,4"}}, {"model": "fisat.subjectentry", "pk": 12, "fields": {"subject_name": "JAVA", "class_name": "S3 CSB", "day": "T", "LAB": "L2", "allotted_hours": "5,6,7"}}, {"model": "fisat.subjectentry", "pk": 13, "fields": {"subject_name": "JAVA", "class_name": "S3 CSC", "day": "T", "LAB": "L2", "allotted_hours": "2,3,4"}}, {"model": "fisat.subjectentry", "pk": 14, "fields": {"subject_name": "JAVA", "class_name": "S3 CSC", "day": "Th", "LAB": "L2", "allotted_hours": "5,6,7"}}, {"model": "fisat.subjectentry", "pk": 15, "fields": {"subject_name": "JAVA", "class_name": "S3 CSD", "day": "W", "LAB": "L2", "allotted_hours": "2,3,4"}}, {"model": "fisat.subjectentry", "pk": 16, "fields": {"subject_name": "JAVA", "class_name": "S3 CSD", "day": "M", "LAB": "L2", "allotted_hours": "5,6,7"}}, {"model": "fisat.subjectentry", "pk": 17, "fields": {"subject_name": "DBMS", "class_name": "S5 CSA", "day": "W", "LAB": "L7", "allotted_hours": "1,2,3"}}, {"model": "fisat.subjectentry", "pk": 18, "fields": {"subject_name": "DBMS", "class_name": "S5 CSA", "day": "M", "LAB": "L7", "allotted_hours": "5,6,7"}}, {"model": "fisat.subjectentry", "pk": 19, "fields": {"subject_name": "MICRO PROCESSOR", "class_name": "S5 CSA", "day": "W", "LAB": "L8", "allotted_hours": "1,2,3"}}, {"model": "fisat.subjectentry", "pk": 20, "fields": {"subject_name": "MICRO PROCESSOR", "class_name": "S5 CSA", "day": "M", "LAB": "L8", "allotted_hours": "5,6,7"}}, {"model": "fisat.subjectentry", "pk": 21, "fields": {"subject_name": "DBMS", "class_name": "S5 CSB", "day": "M", "LAB": "L7", "allotted_hours": "2,3,4"}}, {"model": "fisat.subjectentry", "pk": 22, "fields": {"subject_name": "DBMS", "class_name": "S5 CSB", "day": "W", "LAB": "L7", "allotted_hours": "5,6,7"}}, {"model": "fisat.subjectentry", "pk": 23, "fields": {"subject_name": "MICRO PROCESSOR", "class_name": "S5 CSB", "day": "M", "LAB": "L8", "allotted_hours": "2,3,4"}}, {"model": "fisat.subjectentry", "pk": 24, "fields": {"subject_name": "MICRO PROCESSOR", "class_name": "S5 CSB", "day": "W", "LAB": "L8", "allotted_hours": "5,6,7"}}, {"model": "fisat.subjectentry", "pk": 25, "fields": {"subject_name": "DBMS", "class_name": "S5 CSC", "day": "F", "LAB": "L7", "allotted_hours": "2,3,4"}}, {"model": "fisat.subjectentry", "pk": 26, "fields": {"subject_name": "DBMS", "class_name": "S5 CSC", "day": "T", "LAB": "L7", "allotted_hours": "5,6,7"}}, {"model": "fisat.subjectentry", "pk": 27, "fields": {"subject_name": "MICRO PROCESSOR", "class_name": "S5 CSC", "day": "F", "LAB": "L8", "allotted_hours": "2,3,4"}}, {"model": "fisat.subjectentry", "pk": 28, "fields": {"subject_name": "MICRO PROCESSOR", "class_name": "S5 CSC", "day": "T", "LAB": "L8", "allotted_hours": "5,6,7"}}, {"model": "fisat.subjectentry", "pk": 29, "fields": {"subject_name": "COMPILER", "class_name": "S7 CSA", "day": "T", "LAB": "L3", "allotted_hours": "1,2,3"}}, {"model": "fisat.subjectentry", "pk": 30, "fields": {"subject_name": "COMPILER", "class_name": "S7 CSB", "day": "W", "LAB": "L3", "allotted_hours": "1,2,3"}}, {"model": "fisat.subjectentry", "pk": 31, "fields": {"subject_name": "CG", "class_name": "S7 CSD", "day": "Th", "LAB": "L3", "allotted_hours": "1,2,3"}}, {"model": "fisat.subjectentry", "pk": 32, "fields": {"subject_name": "VR", "class_name": "S5 CSD", "day": "T", "LAB": "L8", "allotted_hours": "1,2,3"}}, {"model": "fisat.subjectentry", "pk": 33, "fields": {"subject_name": "VR", "class_name": "S5 CSD", "day": "Th", "LAB": "L8", "allotted_hours": "5,6,7"}}, {"model": "fisat.subjectentry", "pk": 34, "fields": {"subject_name": "WEB", "class_name": "S5 CSD", "day": "T", "LAB": "L7", "allotted_hours": "1,2,3"}}, {"model": "fisat.subjectentry", "pk": 35, "fields": {"subject_name": "WEB", "class_name": "S5 CSD", "day": "Th", "LAB": "L7", "allotted_hours": "5,6,7"}}, {"model": "fisat.subjectentry", "pk": 36, "fields": {"subject_name": "ADS", "class_name": "S1 MCAB", "day": "M", "LAB": "L4", "allotted_hours": "3,4"}}, {"model": "fisat.subjectentry", "pk": 37, "fields": {"subject_name": "ADS", "class_name": "S1 MCAB", "day": "W", "LAB": "L4", "allotted_hours": "1,2"}}, {"model": "fisat.subjectentry", "pk": 38, "fields": {"subject_name": "ADS", "class_name": "S1 MCAA", "day": "T", "LAB": "L4", "allotted_hours": "3,4"}}, {"model": "fisat.subjectentry", "pk": 39, "fields": {"subject_name": "ADS", "class_name": "S1 MCAA", "day": "Th", "LAB": "L4", "allotted_hours": "3,4"}}, {"model": "fisat.subjectentry", "pk": 40, "fields": {"subject_name": "PYTHON", "class_name": "S1 MCAA", "day": "M", "LAB": "L4", "allotted_hours": "6,7"}}, {"model": "fisat.subjectentry", "pk": 41, "fields": {"subject_name": "PYTHON", "class_name": "S1 MCAA", "day": "W", "LAB": "L4", "allotted_hours": "3,4"}}, {"model": "fisat.subjectentry", "pk": 42, "fields": {"subject_name": "PYTHON", "class_name": "S1 MCAB", "day": "T", "LAB": "L4", "allotted_hours": "6,7"}}, {"model": "fisat.subjectentry", "pk": 43, "fields": {"subject_name": "PYTHON", "class_name": "S1 MCAB", "day": "Th", "LAB": "L4", "allotted_hours": "1,2"}}, {"model": "fisat.subjectentry", "pk": 44, "fields": {"subject_name": "WEB", "class_name": "S1 MCAB", "day": "T", "LAB": "L4", "allotted_hours": "1,2"}}, {"model": "fisat.subjectentry", "pk": 45, "fields": {"subject_name": "WEB", "class_name": "S1 MCAB", "day": "Th", "LAB": "L4", "allotted_hours": "6,7"}}, {"model": "fisat.subjectentry", "pk": 46, "fields": {"subject_name": "WEB", "class_name": "S1 MCAA", "day": "W", "LAB": "L6", "allotted_hours": "1,2"}}, {"model": "fisat.subjectentry", "pk": 47, "fields": {"subject_name": "WEB", "class_name": "S1 MCAA", "day": "F", "LAB": "L6", "allotted_hours": "3,4"}}, {"model": "fisat.subjectentry", "pk": 48, "fields": {"subject_name": "MAD", "class_name": "S3 MCAB", "day": "M", "LAB": "L6", "allotted_hours": "1,2"}}, {"model": "fisat.subjectentry", "pk": 49, "fields": {"subject_name": "MAD", "class_name": "S3 MCAB", "day": "W", "LAB": "L6", "allotted_hours": "3,4"}}, {"model": "fisat.subjectentry", "pk": 50, "fields": {"subject_name": "MAD", "class_name": "S3 MCAA", "day": "M", "LAB": "L6", "allotted_hours": "6,7"}}, {"model": "fisat.subjectentry", "pk": 51, "fields": {"subject_name": "MAD", "class_name": "S3 MCAA", "day": "F", "LAB": "L6", "allotted_hours": "6,7"}}, {"model": "fisat.subjectentry", "pk": 52, "fields": {"subject_name": "DSC", "class_name": "S3 MCAB", "day": "T", "LAB": "L6", "allotted_hours": "3,4"}}, {"model": "fisat.subjectentry", "pk": 53, "fields": {"subject_name": "DSC", "class_name": "S3 MCAB", "day": "Th", "LAB": "L6", "allotted_hours": "6,7"}}, {"model": "fisat.subjectentry", "pk": 54, "fields": {"subject_name": "DSC", "class_name": "S3 MCAA", "day": "F", "LAB": "L6", "allotted_hours": "1,2"}}, {"model": "fisat.subjectentry", "pk": 55, "fields": {"subject_name": "DSC", "class_name": "S3 MCAA", "day": "W", "LAB": "L6", "allotted_hours": "6,7"}}, {"model": "fisat.subjectentry", "pk": 56, "fields": {"subject_name": "PYTHON", "class_name": "S1 CSA", "day": "M", "LAB": "L3", "allotted_hours": "8,5"}}, {"model": "fisat.subjectentry", "pk": 57, "fields": {"subject_name": "PYTHON", "class_name": "S1 CSA", "day": "W", "LAB": "L3", "allotted_hours": "6,7"}}, {"model": "fisat.subjectentry", "pk": 58, "fields": {"subject_name": "PYTHON", "class_name": "S1 CSB", "day": "T", "LAB": "L5", "allotted_hours": "2,3"}}, {"model": "fisat.subjectentry", "pk": 59, "fields": {"subject_name": "PYTHON", "class_name": "S1 CSB", "day": "F", "LAB": "L5", "allotted_hours": "2,3"}}, {"model": "fisat.subjectentry", "pk": 60, "fields": {"subject_name": "PYTHON", "class_name": "S1 CSC", "day": "M", "LAB": "L3", "allotted_hours": "6,7"}}, {"model": "fisat.subjectentry", "pk": 61, "fields": {"subject_name": "PYTHON", "class_name": "S1 CSC", "day": "Th", "LAB": "L3", "allotted_hours": "8,5"}}, {"model": "fisat.subjectentry", "pk": 64, "fields": {"subject_name": "PYTHON", "class_name": "S1 CEA", "day": "M", "LAB": "L5", "allotted_hours": "6,7"}}, {"model": "fisat.subjectentry", "pk": 65, "fields": {"subject_name": "PYTHON", "class_name": "S1 CEA", "day": "F", "LAB": "L5", "allotted_hours": "8,5"}}, {"model": "fisat.subjectentry", "pk": 66, "fields": {"subject_name": "PYTHON", "class_name": "S1 CEB", "day": "Th", "LAB": "L5", "allotted_hours": "2,3"}}, {"model": "fisat.subjectentry", "pk": 67, "fields": {"subject_name": "PYTHON", "class_name": "S1 CEB", "day": "F", "LAB": "L5", "allotted_hours": "6,7"}}, {"model": "fisat.subjectentry", "pk": 70, "fields": {"subject_name": "PYTHON", "class_name": "S1 EIE", "day": "M", "LAB": "L5", "allotted_hours": "2,3"}}, {"model": "fisat.subjectentry", "pk": 71, "fields": {"subject_name": "PYTHON", "class_name": "S1 EIE", "day": "W", "LAB": "L5", "allotted_hours": "6,7"}}, {"model": "fisat.subjectentry", "pk": 72, "fields": {"subject_name": "PYTHON", "class_name": "S1 ECA", "day": "W", "LAB": "L8", "allotted_hours": "2,3"}}, {"model": "fisat.subjectentry", "pk": 73, "fields": {"subject_name": "PYTHON", "class_name": "S1 ECA", "day": "F", "LAB": "L8", "allotted_hours": "6,7"}}, {"model": "fisat.subjectentry", "pk": 74, "fields": {"subject_name": "PYTHON", "class_name": "S1 ECB", "day": "M", "LAB": "L3", "allotted_hours": "2,3"}}, {"model": "fisat.subjectentry", "pk": 75, "fields": {"subject_name": "PYTHON", "class_name": "S1 ECB", "day": "Th", "LAB": "L3", "allotted_hours": "6,7"}}, {"model": "fisat.subjectentry", "pk": 76, "fields": {"subject_name": "PYTHON", "class_name": "S1 CSD", "day": "T", "LAB": "L8", "allotted_hours": "8,5"}}, {"model": "fisat.subjectentry", "pk": 77, "fields": {"subject_name": "PYTHON", "class_name": "S1 CSD", "day": "Th", "LAB": "L8", "allotted_hours": "2,3"}}, {"model": "fisat.subjectentry", "pk": 78, "fields": {"subject_name": "MI PR", "class_name": "S3 MCAA", "day": "T", "LAB": "L6", "allotted_hours": "6,7"}}, {"model": "fisat.subjectentry", "pk": 79, "fields": {"subject_name": "MI PR", "class_name": "S3 MCAA", "day": "Th", "LAB": "L6", "allotted_hours": "3,4"}}, {"model": "fisat.subjectentry", "pk": 80, "fields": {"subject_name": "MI PR", "class_name": "S3 MCAB", "day": "W", "LAB": "L4", "allotted_hours": "6,7"}}, {"model": "fisat.subjectentry", "pk": 81, "fields": {"subject_name": "MI PR", "class_name": "S3 MCAB", "day": "F", "LAB": "L4", "allotted_hours": "6,7"}}, {"model": "fisat.staff", "pk": 1, "fields": {"name": "AMBILI N MENON"}}, {"model": "fisat.staff", "pk": 2, "fields": {"name": "SREELALITHAMBIKA P K"}}, {"model": "fisat.staff", "pk": 3, "fields": {"name": "SANDHYA O C"}}, {"model": "fisat.staff", "pk": 4, "fields": {"name": "NEEBA CHERIYACHAN"}}, {"model": "fisat.staff", "pk": 5, "fields": {"name": "AMBILY SEKAR C"}}, {"model": "fisat.staff", "pk": 6, "fields": {"name": "NOMA MATHEW M"}}, {"model": "fisat.staff", "pk": 7, "fields": {"name": "VARUN P NAIR"}}, {"model": "fisat.staff", "pk": 8, "fields": {"name": "ARAVIND BALAN"}}, {"model": "fisat.staff", "pk": 9, "fields": {"name": "SALINIT T R"}}, {"model": "fisat.staff", "pk": 10, "fields": {"name": "JOICY"}}, {"model": "fisat.staff", "pk": 11, "fields": {"name": "SMIJA"}}, {"model": "fisat.timetableentry", "pk": 1, "fields": {"staff": 7, "subject": 17}}, {"model": "fisat.timetableentry", "pk": 2, "fields": {"staff": 7, "subject": 18}}, {"model": "fisat.timetableentry", "pk": 7, "fields": {"staff": 1, "subject": 29}}, {"model": "fisat.timetableentry", "pk": 10, "fields": {"staff": 1, "subject": 31}}, {"model": "fisat.timetableentry", "pk": 11, "fields": {"staff": 1, "subject": 55}}, {"model": "fisat.timetableentry", "pk": 13, "fields": {"staff": 2, "subject": 48}}, {"model": "fisat.timetableentry", "pk": 14, "fields": {"staff": 2, "subject": 5}}, {"model": "fisat.timetableentry", "pk": 15, "fields": {"staff": 2, "subject": 6}}, {"model": "fisat.timetableentry", "pk": 16, "fields": {"staff": 2, "subject": 30}}, {"model": "fisat.timetableentry", "pk": 17, "fields": {"staff": 2, "subject": 47}}, {"model": "fisat.timetableentry", "pk": 18, "fields": {"staff": 3, "subject": 1}}, {"model": "fisat.timetableentry", "pk": 19, "fields": {"staff": 3, "subject": 2}}, {"model": "fisat.timetableentry", "pk": 22, "fields": {"staff": 3, "subject": 26}}, {"model": "fisat.timetableentry", "pk": 23, "fields": {"staff": 3, "subject": 25}}, {"model": "fisat.timetableentry", "pk": 25, "fields": {"staff": 5, "subject": 23}}, {"model": "fisat.timetableentry", "pk": 26, "fields": {"staff": 5, "subject": 24}}, {"model": "fisat.timetableentry", "pk": 27, "fields": {"staff": 5, "subject": 34}}, {"model": "fisat.timetableentry", "pk": 28, "fields": {"staff": 5, "subject": 35}}, {"model": "fisat.timetableentry", "pk": 29, "fields": {"staff": 5, "subject": 30}}, {"model": "fisat.timetableentry", "pk": 30, "fields": {"staff": 5, "subject": 42}}, {"model": "fisat.timetableentry", "pk": 31, "fields": {"staff": 4, "subject": 32}}, {"model": "fisat.timetableentry", "pk": 32, "fields": {"staff": 4, "subject": 33}}, {"model": "fisat.timetableentry", "pk": 33, "fields": {"staff": 4, "subject": 31}}, {"model": "fisat.timetableentry", "pk": 37, "fields": {"staff": 6, "subject": 29}}, {"model": "fisat.timetableentry", "pk": 38, "fields": {"staff": 6, "subject": 4}}, {"model": "fisat.timetableentry", "pk": 39, "fields": {"staff": 6, "subject": 3}}, {"model": "fisat.timetableentry", "pk": 41, "fields": {"staff": 7, "subject": 32}}, {"model": "fisat.timetableentry", "pk": 42, "fields": {"staff": 7, "subject": 33}}, {"model": "fisat.timetableentry", "pk": 43, "fields": {"staff": 7, "subject": 43}}, {"model": "fisat.timetableentry", "pk": 44, "fields": {"staff": 7, "subject": 54}}, {"model": "fisat.timetableentry", "pk": 45, "fields": {"staff": 9, "subject": 21}}, {"model": "fisat.timetableentry", "pk": 46, "fields": {"staff": 9, "subject": 22}}, {"model": "fisat.timetableentry", "pk": 48, "fields": {"staff": 9, "subject": 13}}, {"model": "fisat.timetableentry", "pk": 49, "fields": {"staff": 9, "subject": 14}}, {"model": "fisat.timetableentry", "pk": 50, "fields": {"staff": 9, "subject": 37}}, {"model": "fisat.timetableentry", "pk": 51, "fields": {"staff": 9, "subject": 41}}, {"model": "fisat.timetableentry", "pk": 52, "fields": {"staff": 8, "subject": 9}}, {"model": "fisat.timetableentry", "pk": 53, "fields": {"staff": 8, "subject": 10}}, {"model": "fisat.timetableentry", "pk": 56, "fields": {"staff": 8, "subject": 51}}, {"model": "fisat.timetableentry", "pk": 57, "fields": {"staff": 10, "subject": 8}}, {"model": "fisat.timetableentry", "pk": 58, "fields": {"staff": 10, "subject": 7}}, {"model": "fisat.timetableentry", "pk": 59, "fields": {"staff": 10, "subject": 52}}, {"model": "fisat.timetableentry", "pk": 62, "fields": {"staff": 11, "subject": 44}}, {"model": "fisat.timetableentry", "pk": 63, "fields": {"staff": 11, "subject": 38}}, {"model": "fisat.timetableentry", "pk": 64, "fields": {"staff": 10, "subject": 12}}, {"model": "fisat.timetableentry", "pk": 65, "fields": {"staff": 10, "subject": 11}}, {"model": "fisat.timetableentry", "pk": 66, "fields": {"staff": 1, "subject": 16}}, {"model": "fisat.timetableentry", "pk": 67, "fields": {"staff": 1, "subject": 15}}, {"model": "fisat.timetableentry", "pk": 68, "fields": {"staff": 2, "subject": 56}}, {"model": "fisat.timetableentry", "pk": 69, "fields": {"staff": 6, "subject": 56}}, {"model": "fisat.timetableentry", "pk": 70, "fields": {"staff": 6, "subject": 57}}, {"model": "fisat.timetableentry", "pk": 71, "fields": {"staff": 2, "subject": 57}}, {"model": "fisat.timetableentry", "pk": 75, "fields": {"staff": 6, "subject": 61}}, {"model": "fisat.timetableentry", "pk": 76, "fields": {"staff": 9, "subject": 77}}, {"model": "fisat.timetableentry", "pk": 78, "fields": {"staff": 3, "subject": 40}}, {"model": "fisat.timetableentry", "pk": 79, "fields": {"staff": 8, "subject": 20}}, {"model": "fisat.timetableentry", "pk": 80, "fields": {"staff": 8, "subject": 19}}, {"model": "fisat.timetableentry", "pk": 81, "fields": {"staff": 11, "subject": 27}}, {"model": "fisat.timetableentry", "pk": 82, "fields": {"staff": 11, "subject": 28}}, {"model": "fisat.timetableentry", "pk": 83, "fields": {"staff": 8, "subject": 59}}, {"model": "fisat.timetableentry", "pk": 84, "fields": {"staff": 8, "subject": 58}}, {"model": "fisat.timetableentry", "pk": 85, "fields": {"staff": 5, "subject": 66}}, {"model": "fisat.timetableentry", "pk": 86, "fields": {"staff": 5, "subject": 67}}, {"model": "fisat.timetableentry", "pk": 87, "fields": {"staff": 2, "subject": 64}}, {"model": "fisat.timetableentry", "pk": 88, "fields": {"staff": 7, "subject": 70}}, {"model": "fisat.timetableentry", "pk": 89, "fields": {"staff": 7, "subject": 71}}, {"model": "fisat.timetableentry", "pk": 94, "fields": {"staff": 10, "subject": 75}}, {"model": "fisat.timetableentry", "pk": 95, "fields": {"staff": 10, "subject": 74}}, {"model": "fisat.timetableentry", "pk": 96, "fields": {"staff": 3, "subject": 58}}, {"model": "fisat.timetableentry", "pk": 98, "fields": {"staff": 5, "subject": 60}}, {"model": "fisat.timetableentry", "pk": 100, "fields": {"staff": 4, "subject": 76}}, {"model": "fisat.timetableentry", "pk": 101, "fields": {"staff": 3, "subject": 73}}, {"model": "fisat.timetableentry", "pk": 102, "fields": {"staff": 3, "subject": 72}}, {"model": "fisat.timetableentry", "pk": 105, "fields": {"staff": 7, "subject": 65}}, {"model": "fisat.timetableentry", "pk": 106, "fields": {"staff": 11, "subject": 66}}, {"model": "fisat.timetableentry", "pk": 107, "fields": {"staff": 11, "subject": 67}}, {"model": "fisat.timetableentry", "pk": 108, "fields": {"staff": 1, "subject": 61}}, {"model": "fisat.timetableentry", "pk": 109, "fields": {"staff": 4, "subject": 36}}, {"model": "fisat.timetableentry", "pk": 110, "fields": {"staff": 1, "subject": 74}}, {"model": "fisat.timetableentry", "pk": 112, "fields": {"staff": 11, "subject": 8}}, {"model": "fisat.timetableentry", "pk": 113, "fields": {"staff": 9, "subject": 3}}, {"model": "fisat.timetableentry", "pk": 116, "fields": {"staff": 11, "subject": 17}}, {"model": "fisat.timetableentry", "pk": 117, "fields": {"staff": 4, "subject": 22}}, {"model": "fisat.timetableentry", "pk": 118, "fields": {"staff": 8, "subject": 26}}, {"model": "fisat.timetableentry", "pk": 119, "fields": {"staff": 1, "subject": 73}}, {"model": "fisat.timetableentry", "pk": 120, "fields": {"staff": 10, "subject": 2}}, {"model": "fisat.timetableentry", "pk": 122, "fields": {"staff": 3, "subject": 45}}, {"model": "fisat.timetableentry", "pk": 123, "fields": {"staff": 6, "subject": 53}}, {"model": "fisat.timetableentry", "pk": 125, "fields": {"staff": 8, "subject": 75}}, {"model": "fisat.timetableentry", "pk": 126, "fields": {"staff": 11, "subject": 6}}, {"model": "fisat.timetableentry", "pk": 127, "fields": {"staff": 11, "subject": 23}}, {"model": "fisat.timetableentry", "pk": 129, "fields": {"staff": 9, "subject": 60}}, {"model": "fisat.timetableentry", "pk": 131, "fields": {"staff": 2, "subject": 39}}, {"model": "fisat.timetableentry", "pk": 132, "fields": {"staff": 10, "subject": 77}}, {"model": "fisat.timetableentry", "pk": 133, "fields": {"staff": 1, "subject": 59}}, {"model": "fisat.timetableentry", "pk": 134, "fields": {"staff": 4, "subject": 27}}, {"model": "fisat.timetableentry", "pk": 135, "fields": {"staff": 4, "subject": 50}}, {"model": "fisat.timetableentry", "pk": 136, "fields": {"staff": 6, "subject": 64}}, {"model": "fisat.timetableentry", "pk": 137, "fields": {"staff": 6, "subject": 46}}, {"model": "fisat.timetableentry", "pk": 138, "fields": {"staff": 6, "subject": 49}}, {"model": "fisat.timetableentry", "pk": 139, "fields": {"staff": 4, "subject": 72}}, {"model": "fisat.timetableentry", "pk": 140, "fields": {"staff": 7, "subject": 78}}, {"model": "fisat.timetableentry", "pk": 141, "fields": {"staff": 8, "subject": 79}}, {"model": "fisat.timetableentry", "pk": 143, "fields": {"staff": 10, "subject": 81}}]